{
	"format_version": "1.8.0",
	"animations": {
		"animation.udaw.arquebus.firstperson1": {
			"loop": true,
			"bones": {
				"arquebus": {
					"rotation": [152.68599, -1.27082, 45.26902],
					"position": [-4, -2, 2]
				}
			}
		},
		"animation.udaw.arquebus.firstpersonshoot": {
			"loop": "hold_on_last_frame",
			"animation_length": 0.3333,
			"bones": {
				"arquebus": {
					"rotation": {
						"0.0": [152.68599, -1.27082, 45.26902],
						"0.0833": [154.12488, -9.15476, 29.56751],
						"0.1667": [154.04825, 8.92071, 65.40073],
						"0.3333": [152.68599, -1.27082, 45.26902]
					},
					"position": {
						"0.0": [-4, -2, 2],
						"0.0833": [-4, -2, 2],
						"0.125": [-4, -2, 2],
						"0.25": [-6, 0, 2],
						"0.3333": [-4, -2, 2]
					}
				}
			}
		},
		"animation.udaw.arquebus.thirdperson": {
			"loop": true,
			"bones": {
				"arquebus": {
					"rotation": [99.96113, -4.92471, 89.12951]
				},
				"bone": {
					"position": [0, 0, -8],
					"scale": [0, 1, 1]
				}
			}
		}
	}
}