{
	"format_version": "1.8.0",
	"animations": {
		"animation.udaw.arquebus.thirdperson": {
			"loop": true,
			"bones": {
				"root_item": {
					"rotation": [90, -90, 92.5],
					"position": [0, 19, -3]
				}
			}
		},
		"animation.udaw.arquebus.firstpersonempty": {
			"loop": true,
			"animation_length": 0.0417,
			"bones": {
				"root_item": {
					"rotation": [90.668, -28.74852, -42.10361],
					"position": [-6, 25, -6]
				}
			}
		},
		"animation.udaw.arquebus.firstpersonreload": {
			"loop": true,
			"animation_length": 2,
			"bones": {
				"root_item": {
					"rotation": {
						"0.0": [90.668, -28.74852, -42.10361],
						"0.5417": [123.3865, -21.2492, -41.863],
						"1.0": [90.668, -28.74852, -42.10361],
						"1.5": [62.9873, -41.248, -42.323],
						"2.0": [90.668, -28.74852, -42.10361]
					},
					"position": {
						"0.0": [-6, 25, -6],
						"1.0": [-6, 25, -6],
						"2.0": [-6, 25, -6]
					}
				}
			}
		},
		"animation.udaw.arquebus.firstperson": {
			"loop": "hold_on_last_frame",
			"bones": {
				"root_item": {
					"rotation": [151.0245, -96.89202, 50.93629],
					"position": [-8, 23, -6]
				}
			}
		},
		"animation.udaw.arquebus.firstpersonshoot": {
			"loop": "hold_on_last_frame",
			"animation_length": 0.375,
			"bones": {
				"root_item": {
					"rotation": {
						"0.0": [151.0245, -96.89202, 50.93629],
						"0.0833": [163.17468, -108.79213, 11.45994],
						"0.1667": [162.38577, -66.64074, 107.48679],
						"0.25": [165.70816, -63.66859, 123.29388],
						"0.375": [151.0245, -96.89202, 50.93629]
					},
					"position": {
						"0.0": [-8, 23, -6],
						"0.1667": [-8, 23, -6],
						"0.25": [-8, 25, -5],
						"0.375": [-8, 23, -6]
					}
				}
			}
		}
	}
}