{
	"format_version": "1.8.0",
	"animations": {
		"animation.gun.thirdperson": {
			"loop": true,
			"bones": {
				"root_item": {
					"rotation": [77.5, 0, 0],
					"position": [0, 15, -7]
				}
			}
		},
		"animation.gun.firstpersonempty": {
			"loop": true,
			"bones": {
				"root_item": {
					"rotation": [22.72726, 60.19879, -34.61436],
					"position": [-10, 20, -11]
				}
			}
		},
		"animation.gun.reload": {
			"animation_length": 5.1,
			"bones": {
				"root_item": {
					"rotation": {
						"0.0": [42.27996, 21.23149, -127.80556],
						"0.5": [34.0137, 33.6953, -145.5123],
						"1.0": [42.27996, 21.23149, -127.80556],
						"1.5": [46.3977, 0.0043, -106.0938],
						"2.0": [42.27996, 21.23149, -127.80556],
						"2.1": [42.27996, 21.23149, -127.80556],
						"2.6": [34.0137, 33.6953, -145.5123],
						"3.1": [42.27996, 21.23149, -127.80556],
						"3.6": [46.3977, 0.0043, -106.0938],
						"4.1": [42.27996, 21.23149, -127.80556],
						"4.2": [42.27996, 21.23149, -127.80556],
						"4.6": [46.3977, 0.0043, -106.0938],
						"5.1": [42.27996, 21.23149, -127.80556]
					},
					"position": {
						"0.0": [-10, 21, -11],
						"1.0": [-10, 21, -11],
						"2.0": [-10, 21, -11],
						"2.1": [-10, 21, -11],
						"3.1": [-10, 21, -11],
						"4.1": [-10, 21, -11],
						"4.2": [-10, 21, -11],
						"5.1": [-10, 21, -11]
					}
				}
			},
			"sound_effects": {
				"0.1": {
					"effect": "reload2"
				}
			}
		},
		"animation.gun.firstperson2": {
			"loop": true,
			"bones": {
				"root_item": {
					"rotation": [105.22726, 60.19879, -34.61436],
					"position": [-10, 20, -11]
				}
			}
		},
		"animation.gun.firstperson_shot": {
			"loop": "hold_on_last_frame",
			"animation_length": 0.375,
			"bones": {
				"root_item": {
					"rotation": {
						"0.0": [105.22726, 60.19879, -34.61436],
						"0.0417": [123.97726, 60.19879, -34.61436],
						"0.125": [67.72726, 60.19879, -34.61436],
						"0.2083": [76.47726, 60.19879, -34.61436],
						"0.375": [105.22726, 60.19879, -34.61436]
					},
					"position": [-10, 20, -11]
				}
			}
		}
	}
}