{
	"format_version": "1.8.0",
	"animations": {
		"animation.gun.firstperson2": {
			"loop": true,
			"bones": {
				"root_item": {
					"rotation": [105.22726, 60.19879, -34.61436],
					"position": [-10, 20, -11]
				}
			}
		},
		"animation.gun.firstperson_shot": {
			"loop": "hold_on_last_frame",
			"animation_length": 0.375,
			"bones": {
				"root_item": {
					"rotation": {
						"0.0": [105.22726, 60.19879, -34.61436],
						"0.0417": [123.97726, 60.19879, -34.61436],
						"0.125": [67.72726, 60.19879, -34.61436],
						"0.2083": [76.47726, 60.19879, -34.61436],
						"0.375": [105.22726, 60.19879, -34.61436]
					},
					"position": [-10, 20, -11]
				}
			}
		}
	}
}