{
	"format_version": "1.8.0",
	"animations": {
		"animation.gun.thirdperson": {
			"loop": true,
			"bones": {
				"rightitem": {
					"rotation": [180.5, 0, 0],
					"position": [0, -10, -8]
				},
				"bone2": {
					"scale": [0, 1, 0]
				}
			}
		},
		"animation.gun.firstperson2": {
			"loop": true,
			"bones": {
				"rightitem": {
					"rotation": [105.22726, 60.19879, -34.61436],
					"position": [1, 1, -2]
				},
				"bone2": {
					"position": [19, 0, 0],
					"scale": [-0.6, 1, 0]
				}
			}
		},
		"animation.gun.firstperson_shot": {
			"loop": "hold_on_last_frame",
			"animation_length": 0.375,
			"bones": {
				"rightitem": {
					"rotation": {
						"0.0": [105.22726, 60.19879, -34.61436],
						"0.0417": [123.97726, 60.19879, -34.61436],
						"0.125": [67.72726, 60.19879, -34.61436],
						"0.2083": [76.47726, 60.19879, -34.61436],
						"0.375": [105.22726, 60.19879, -34.61436]
					},
					"position": {
						"0.0": [1, 1, -2],
						"0.125": [1, 1, -2],
						"0.375": [1, 1, -2]
					}
				},
				"bone2": {
					"position": [19, 0, 0],
					"scale": [-0.6, 1, 0]
				},
				"bone": {
					"rotation": {
						"0.0": [0, 0, 0],
						"0.0833": [0, 0, 0],
						"0.125": [60, 0, 0],
						"0.3333": [60, 0, 0]
					}
				}
			}
		}
	}
}