{
	"format_version": "1.8.0",
	"animations": {
		"animation.gun.thirdperson": {
			"loop": true,
			"bones": {
				"gun": {
					"rotation": [77.5, 0, 0],
					"position": [0, 13, -8]
				}
			}
		},
		"animation.gun.firstperson2": {
			"loop": true,
			"bones": {
				"gun": {
					"rotation": [105.22726, 60.19879, -34.61436],
					"position": [-11, 21, -10]
				}
			}
		},
		"animation.gun.firstperson_shot": {
			"animation_length": 0.375,
			"bones": {
				"gun": {
					"rotation": {
						"0.0": [105.22726, 60.19879, -34.61436],
						"0.0417": [123.97726, 60.19879, -34.61436],
						"0.125": [67.72726, 60.19879, -34.61436],
						"0.2083": [76.47726, 60.19879, -34.61436],
						"0.375": [105.22726, 60.19879, -34.61436]
					},
					"position": {
						"0.0": [-11, 21, -10],
						"0.125": [-11, 21, -10],
						"0.375": [-11, 21, -10]
					}
				}
			}
		}
	}
}