{
	"format_version": "1.8.0",
	"animations": {
		"animation.gun.tpp": {
			"loop": true,
			"bones": {
				"gun": {
					"rotation": [77.5, 0, 0],
					"position": [0, -10, -8]
				},
				"bone2": {
					"scale": [0, 1, 0]
				}
			}
		},
		"animation.gun.fpp_hold": {
			"loop": true,
			"bones": {
				"gun": {
					"rotation": [105.22726, 60.19879, -34.61436],
					"position": [-12, -5, -8]
				},
				"bone2": {
					"position": [19, 0, 0],
					"scale": [-0.6, 1, 0]
				}
			}
		},
		"animation.gun.firstpersonempty": {
			"loop": true,
			"bones": {
				"gun": {
					"rotation": [105.22726, 60.19879, -34.61436],
					"position": [-12, -5, -8]
				},
				"bone2": {
					"position": [19, 0, 0],
					"scale": [-0.6, 1, 0]
				},
				"bone": {
					"rotation": [60, 0, 0]
				}
			}
		},
		"animation.gun.fpp_shot": {
			"loop": "hold_on_last_frame",
			"animation_length": 0.375,
			"bones": {
				"gun": {
					"rotation": {
						"0.0": [105.22726, 60.19879, -34.61436],
						"0.0417": [123.97726, 60.19879, -34.61436],
						"0.125": [67.72726, 60.19879, -34.61436],
						"0.2083": [76.47726, 60.19879, -34.61436],
						"0.375": [105.22726, 60.19879, -34.61436]
					},
					"position": {
						"0.0": [-12, -5, -8],
						"0.125": [-14, -5, -8],
						"0.375": [-12, -5, -8]
					}
				},
				"bone2": {
					"position": [19, 0, 0],
					"scale": [-0.6, 1, 0]
				},
				"bone": {
					"rotation": {
						"0.0": [0, 0, 0],
						"0.0833": [0, 0, 0],
						"0.125": [60, 0, 0],
						"0.3333": [60, 0, 0]
					}
				}
			}
		},
		"animation.gun.reload": {
			"animation_length": 5.0833,
			"bones": {
				"gun": {
					"rotation": {
						"0.0": [105.22726, 60.19879, -34.61436],
						"0.5833": [-5.58522, -9.41428, -138.93083],
						"1.5833": [1.91478, -9.41428, -138.93083],
						"1.875": [12.67867, -8.34874, -143.87537],
						"2.375": [2.67867, -8.34874, -143.87537],
						"3.375": [2.67867, -8.34874, -143.87537],
						"3.6667": [-3.70526, -7.9489, -100.9223],
						"4.0": [-26.20526, -7.9489, -100.9223],
						"4.125": [-3.70526, -7.9489, -100.9223],
						"4.4583": [105.22726, 60.19879, -34.61436]
					},
					"position": {
						"0.0": [-12, -5, -8],
						"1.875": [-12, -5, -8],
						"2.1667": [-12, -5, -6],
						"2.375": [-12, -5, -8],
						"2.75": [-12, -5, -6],
						"3.0417": [-12, -5, -6],
						"3.375": [-12, -5, -8],
						"4.4583": [-12, -5, -8]
					}
				},
				"bone2": {
					"rotation": {
						"0.0": [0, 0, 0],
						"1.125": [-95, 0, 0],
						"1.5833": [-117.5, 0, 0],
						"1.875": [-167.5, 0, 0],
						"1.9583": [-174.95805, 1.74273, 0.39245],
						"2.1667": [-184.70638, 12.19908, 2.74715],
						"2.2083": [-181.20638, 12.19908, 2.74715],
						"2.25": [-181.45638, 12.19908, 2.74715],
						"2.2917": [-182.53971, 12.19908, 2.74715],
						"2.375": [-192.20638, 12.19908, 2.74715],
						"2.5417": [-177.45805, 1.74273, 0.39245],
						"2.75": [-184.70638, 12.19908, 2.74715],
						"3.0417": [-184.70638, 12.19908, 2.74715],
						"3.0833": [-181.20638, 12.19908, 2.74715],
						"3.125": [-181.45638, 12.19908, 2.74715],
						"3.1667": [-182.53971, 12.19908, 2.74715],
						"3.25": [-186.48353, 10.44973, -22.69607],
						"3.2917": [-180.83971, 12.19908, 2.74715],
						"3.375": [-192.20638, 12.19908, 2.74715],
						"3.6667": [-95, 0, 0],
						"4.4583": [0, 0, 0]
					},
					"position": {
						"0.0": [0, 0, 0],
						"1.125": [0, -18, -20],
						"1.5833": [0, -10, -25],
						"1.875": [0, 2, -27],
						"2.1667": [1, 4, -20],
						"2.375": [1, 4, -28],
						"2.75": [1, 4, -20],
						"3.0417": [1, 4, -20],
						"3.2917": [1, 4, -20],
						"3.375": [1, 4, -28],
						"3.6667": [0, -18, -20],
						"4.4583": [0, 0, 0]
					},
					"scale": {
						"0.0": [1, 1, 1],
						"0.0417": [1, 0, 0],
						"1.0417": [1, 0, 0],
						"1.125": [1, 1, 1],
						"3.5": [1, 1, 1],
						"3.5417": [1, 0, 0],
						"3.5833": [1, 0, 0],
						"4.5": [1, 0, 0]
					}
				},
				"bone": {
					"rotation": {
						"0.0": [60, 0, 0],
						"3.6667": [62.5, 0, 0],
						"3.875": [-50.83, 0, 0],
						"4.0417": [2.5, 0, 0]
					}
				}
			}
		}
	}
}