{
	"format_version": "1.8.0",
	"animations": {
		"animation.pillagerzombie.walk": {
			"loop": true,
			"animation_length": 0.9583,
			"bones": {
				"head": {
					"rotation": {
						"0.0": [0, 0, 0],
						"0.25": [0, 0, -5],
						"0.5833": [0, 0, 5],
						"0.9583": [0, 0, 0]
					}
				},
				"rightarm": {
					"rotation": {
						"0.0": [-12.5, 0, 0],
						"0.5": [-30.48266, 1.27594, 2.18753],
						"0.9583": [-12.5, 0, 0]
					}
				},
				"leftarm": {
					"rotation": {
						"0.0": [-17.5, 0, 0],
						"0.5": [-29.60656, -1.2357, -2.17343],
						"0.9583": [-17.5, 0, 0]
					}
				},
				"rightLeg": {
					"rotation": {
						"0.0": [0, 0, 0],
						"0.1667": [10, 0, 0],
						"0.4167": [30, 0, 0],
						"0.6667": [-17.5, 0, 0],
						"0.9583": [0, 0, 0]
					},
					"position": {
						"0.0": [0, 0, 0],
						"0.1667": [0, 0, 1],
						"0.4167": [0, 1, -1],
						"0.5417": [0, 0, -1],
						"0.7917": [0, 0, -1],
						"0.9583": [0, 0, 0]
					}
				},
				"leftLeg": {
					"rotation": {
						"0.0": [12.5, 0, 0],
						"0.1667": [25, 0, 0],
						"0.3333": [-15, 0, 0],
						"0.5417": [0, 0, 0],
						"0.6667": [17.5, 0, 0],
						"0.9583": [12.5, 0, 0]
					},
					"position": {
						"0.0": [0, 0, 0],
						"0.1667": [0, 1, -1],
						"0.4167": [0, 0, -1],
						"0.5417": [0, 0, 0],
						"0.6667": [0, 0, 1],
						"0.9583": [0, 0, 0]
					}
				},
				"body": {
					"rotation": {
						"0.0": [0, 0, 0],
						"0.2917": [0, 5, 0],
						"0.625": [0, -5, 0],
						"0.9583": [0, 0, 0]
					},
					"position": [0, 0, 0]
				}
			}
		},
		"animation.pillagerzombie.run": {
			"loop": true,
			"animation_length": 0.625,
			"bones": {
				"head": {
					"rotation": {
						"0.0": [-20, 0, 0],
						"0.2917": [-12.5, 0, 0],
						"0.5833": [-20, 0, 0]
					}
				},
				"body": {
					"rotation": {
						"0.0": [0, 0, 0],
						"0.2917": [0, 0, -5],
						"0.5417": [0, 0, 0]
					}
				},
				"waist": {
					"rotation": [25, 0, 0]
				},
				"leftLeg": {
					"rotation": {
						"0.0": [20, 0, 0],
						"0.1667": [45, 0, 0],
						"0.2917": [-67.5, 0, 0],
						"0.4583": [-10, 0, 0],
						"0.625": [20, 0, 0]
					},
					"position": {
						"0.0": [0, 0, 0],
						"0.1667": [0, 0, -5],
						"0.2917": [0, 0, -2],
						"0.4583": [0, 0, 0],
						"0.625": [0, 0, 0]
					}
				},
				"rightLeg": {
					"rotation": {
						"0.0": [-70, 0, 0],
						"0.1667": [-2.5, 0, 0],
						"0.2917": [40, 0, 0],
						"0.4583": [62.5, 0, 0],
						"0.625": [-70, 0, 0]
					},
					"position": {
						"0.0": [0, 0, -2],
						"0.1667": [0, 0, 0],
						"0.4583": [0, 0, -3],
						"0.625": [0, 0, -2]
					}
				},
				"rightarm": {
					"rotation": {
						"0.0": [32.5, 0, 0],
						"0.2917": [-105, 0, 0],
						"0.625": [32.5, 0, 0]
					}
				},
				"leftarm": {
					"rotation": {
						"0.0": [-105, 0, 0],
						"0.2917": [37.5, 0, 0],
						"0.625": [-105, 0, 0]
					}
				}
			}
		},
		"animation.pillagerzombie.atack": {
			"animation_length": 0.3333,
			"override_previous_animation": true,
			"bones": {
				"head": {
					"rotation": [0, 0, 0]
				},
				"rightarm": {
					"rotation": {
						"0.0": [-12.5, 0, 0],
						"0.125": [-148.71777, -9.29798, 14.89149],
						"0.2083": [-33.61406, -27.79658, 6.82433],
						"0.3333": [-12.5, 0, 0]
					}
				},
				"leftarm": {
					"rotation": {
						"0.0": [-17.5, 0, 0],
						"0.125": [-151.92445, 11.0311, -19.7339],
						"0.2083": [-34.42695, 29.92962, -12.70045],
						"0.3333": [-17.5, 0, 0]
					}
				}
			}
		},
		"animation.pillagerzombie.climb": {
			"loop": true,
			"animation_length": 0.8333,
			"bones": {
				"head": {
					"rotation": {
						"0.0": [-65, 0, 0],
						"0.3333": [-65, 0, 0],
						"0.8333": [-65, 0, 0]
					}
				},
				"rightarm": {
					"rotation": [-159.27695, -10.63095, -2.07704],
					"position": {
						"0.0": [0, 0, 0],
						"0.2917": [0, -3, 0],
						"0.6667": [0, 2, 0],
						"0.8333": [0, 0, 0]
					}
				},
				"leftarm": {
					"rotation": [-158.85741, -9.73763, -4.4494],
					"position": {
						"0.0": [0, 0, 0],
						"0.3333": [0, 2, 0],
						"0.625": [0, -3, 0],
						"0.8333": [0, 0, 0]
					}
				},
				"rightLeg": {
					"rotation": {
						"0.0": [0, 0, 0],
						"0.3333": [0, 0, 20],
						"0.6667": [15, 0, -12.5],
						"0.8333": [0, 0, 0]
					},
					"position": {
						"0.0": [0, 3, -4],
						"0.3333": [0, 6, -4],
						"0.6667": [0, 0, -4],
						"0.8333": [0, 3, -4]
					}
				},
				"leftLeg": {
					"rotation": {
						"0.0": [0, 0, 0],
						"0.25": [12.5, 0, 27.5],
						"0.5833": [0, 0, -17.5],
						"0.8333": [0, 0, 0]
					},
					"position": {
						"0.0": [0, 3, -4],
						"0.25": [0, 1, -4],
						"0.5833": [0, 6, -4],
						"0.8333": [0, 3, -4]
					}
				},
				"waist": {
					"rotation": {
						"0.0": [0, 0, 0],
						"0.25": [0, 0, -5],
						"0.5833": [0, 0, 5],
						"0.8333": [0, 0, 0]
					}
				}
			}
		},
		"animation.pillagerzombie.idle": {
			"loop": true,
			"animation_length": 4.0417,
			"bones": {
				"head": {
					"rotation": {
						"0.0": [2.5, 0, 0],
						"2.125": [10, 0, 0],
						"4.0417": [2.5, 0, 0]
					}
				},
				"rightarm": {
					"rotation": {
						"0.0": [2.4905, -0.21782, 4.99527],
						"2.125": [-14.98193, 0.86467, 9.87683],
						"4.0417": [2.4905, -0.21782, 4.99527]
					}
				},
				"leftarm": {
					"rotation": {
						"0.0": [-24.91643, -2.11089, -4.53359],
						"2.125": [-5.27412, 2.34284, -7.65545],
						"4.0417": [-24.91643, -2.11089, -4.53359]
					}
				}
			}
		},
		"animation.pillagerzombie.tackle": {
			"animation_length": 2.6667,
			"override_previous_animation": true,
			"bones": {
				"head": {
					"rotation": {
						"0.0": [2.5, 0, 0],
						"0.6667": [-15, 0, 0],
						"1.0417": [-15, 0, 0],
						"1.4167": [-15, 0, 0],
						"1.5417": [5, 0, 0],
						"2.0833": [5, 0, 0],
						"2.2083": [5, 0, 0],
						"2.5": [-35, 0, 0],
						"2.625": [2.5, 0, 0]
					}
				},
				"body": {
					"rotation": {
						"0.0": [0, 0, 0],
						"0.5417": [7.5, 0, 0],
						"0.9167": [20, 0, 0],
						"1.0": [57.5, 0, 0],
						"1.375": [77.5, 0, 0],
						"1.5": [92.5, 0, 0],
						"1.5833": [92.5, 0, 0],
						"1.7083": [92.5, 0, 0],
						"2.125": [92.5, 0, 0],
						"2.2917": [75, 0, 0],
						"2.5": [57.5, 0, 0],
						"2.6667": [0, 0, 0]
					},
					"position": {
						"0.0": [0, 0, 0],
						"0.5417": [0, -3, 0],
						"0.9167": [0, -3, 0],
						"1.0": [0, 5, 0],
						"2.2917": [0, 5, 0],
						"2.5": [0, 4.5, 0],
						"2.6667": [0, 0, 0]
					}
				},
				"leftLeg": {
					"rotation": {
						"0.0": [0, 0, 0],
						"0.25": [37.5, 0, 0],
						"0.5417": [47.5, 0, 0],
						"0.7917": [35, 0, 0],
						"1.2083": [77.5, 0, 0],
						"1.5833": [-12.5, 0, 0],
						"2.125": [-12.5, 0, 0],
						"2.2917": [-22.5, 0, 0],
						"2.5": [-80, 0, 0],
						"2.6667": [0, 0, 0]
					},
					"position": {
						"0.0": [0, 0, 0],
						"0.25": [0, 0, -3],
						"0.5417": [0, 0, -5],
						"0.7917": [0, 0, -6],
						"1.2083": [0, -1, -1],
						"2.2917": [0, 1, -3],
						"2.375": [0, 2, -3],
						"2.6667": [0, 0, 0]
					}
				},
				"rightLeg": {
					"rotation": {
						"0.0": [0, 0, 0],
						"0.25": [-7.5, 0, 0],
						"0.5417": [-17.5, 0, 0],
						"1.2083": [35, 0, 0],
						"1.5": [-12.5, 0, 0],
						"1.7917": [-12.5, 0, 0],
						"2.2917": [-20, 0, 0],
						"2.375": [-60, 0, 0],
						"2.5": [-51.79, 0, 0],
						"2.6667": [0, 0, 0]
					},
					"position": {
						"0.0": [0, 0, 0],
						"0.25": [0, 2, -3],
						"0.5417": [0, 3, -3],
						"0.7917": [0, 5, -4],
						"1.0": [0, -3, -1],
						"2.2917": [0, -1, -1],
						"2.6667": [0, 0, 0]
					}
				},
				"rightarm": {
					"rotation": {
						"0.0": [2.4905, -0.21782, 4.99527],
						"0.875": [2.4905, -0.21782, 4.99527],
						"1.0": [-122.5095, -0.21782, 4.99527],
						"1.2917": [-180.0095, -0.21782, 4.99527],
						"2.0833": [-137.5095, -0.21782, 4.99527],
						"2.2917": [-95.0095, -0.21782, 4.99527],