{
	"format_version": "1.8.0",
	"animations": {
		"animation.zombieminer.idle": {
			"loop": true,
			"animation_length": 4.0417,
			"bones": {
				"head": {
					"rotation": {
						"0.0": [0, 0, 0],
						"2.125": [-14.95744, -0.65182, -7.47178],
						"4.0417": [0, 0, 0]
					}
				},
				"rightArm": {
					"rotation": {
						"0.0": [-17.5095, -0.21782, 4.99527],
						"2.125": [-14.98193, 0.86467, 9.87683],
						"4.0417": [-17.5095, -0.21782, 4.99527]
					}
				},
				"leftArm": {
					"rotation": {
						"0.0": [-2.41643, -2.11089, -4.53359],
						"2.125": [-5.27412, 2.34284, -7.65545],
						"4.0417": [-2.41643, -2.11089, -4.53359]
					}
				}
			}
		},
		"animation.zombieminer.walk": {
			"loop": true,
			"animation_length": 0.9583,
			"bones": {
				"head": {
					"rotation": {
						"0.0": [0, 0, 0],
						"0.25": [0, 0, -5],
						"0.5833": [0, 0, 5],
						"0.9583": [0, 0, 0]
					}
				},
				"rightArm": {
					"rotation": {
						"0.0": [-7.5, 0, 0],
						"0.5417": [12.5, 0, 0],
						"0.9583": [-7.5, 0, 0]
					}
				},
				"leftArm": {
					"rotation": {
						"0.0": [-5, 0, 0],
						"0.5417": [-2.41174, 8.99749, 14.36934],
						"0.9583": [-5, 0, 0]
					},
					"position": {
						"0.0": [0, 0, 0],
						"0.5417": [-1, -3, 0],
						"0.9583": [0, 0, 0]
					}
				},
				"rightLeg": {
					"rotation": {
						"0.0": [0, 0, 0],
						"0.1667": [10, 0, 0],
						"0.4167": [52.5, 0, 0],
						"0.5417": [23.76, 0, 0],
						"0.6667": [-35, 0, 0],
						"0.9583": [0, 0, 0]
					},
					"position": {
						"0.0": [0, 0, 0],
						"0.1667": [0, 0, 1],
						"0.4167": [0, 1, -1],
						"0.5417": [0, 0, -1],
						"0.7917": [0, 0, -1],
						"0.9583": [0, 0, 0]
					}
				},
				"leftLeg": {
					"rotation": {
						"0.0": [12.5, 0, 0],
						"0.1667": [25, 0, 0],
						"0.3333": [-37.5, 0, 0],
						"0.5417": [0, 0, 0],
						"0.6667": [37.5, 0, 0],
						"0.9583": [12.5, 0, 0]
					},
					"position": {
						"0.0": [0, 0, 0],
						"0.1667": [0, 1, -1],
						"0.4167": [0, 0, -1],
						"0.5417": [0, 0, 0],
						"0.6667": [0, 0, 1],
						"0.9583": [0, 0, 0]
					}
				},
				"body": {
					"rotation": {
						"0.0": [0, 0, 0],
						"0.2917": [0, 5, 0],
						"0.625": [0, -5, 0],
						"0.9583": [0, 0, 0]
					},
					"position": [0, 0, 0]
				}
			}
		},
		"animation.zombieminer.climb": {
			"loop": true,
			"animation_length": 0.8333,
			"bones": {
				"body": {
					"rotation": {
						"0.0": [0, 0, 0],
						"0.25": [0, 0, -7.5],
						"0.5833": [0, 0, 7.5],
						"0.8333": [0, 0, 0]
					}
				},
				"head": {
					"rotation": {
						"0.0": [-65, 0, 0],
						"0.3333": [-65, 0, 0],
						"0.8333": [-65, 0, 0]
					}
				},
				"rightArm": {
					"rotation": {
						"0.0": [-24.17533, 121.33549, -112.30995],
						"0.4583": [90.69898, 128.53042, -16.42033],
						"0.7917": [-24.17533, 121.33549, -112.30995]
					}
				},
				"leftArm": {
					"rotation": [-156.84378, -1.15863, -25.36525],
					"position": {
						"0.0": [0, 0, 0],
						"0.3333": [0, 2, 0],
						"0.625": [0, -3, 0],
						"0.8333": [0, 0, 0]
					}
				},
				"rightLeg": {
					"rotation": {
						"0.0": [0, 0, 0],
						"0.3333": [0, 0, 20],
						"0.6667": [15, 0, -12.5],
						"0.8333": [0, 0, 0]
					},
					"position": {
						"0.0": [0, 3, -4],
						"0.3333": [0, 6, -4],
						"0.6667": [0, 0, -4],
						"0.8333": [0, 3, -4]
					}
				},
				"leftLeg": {
					"rotation": {
						"0.0": [0, 0, 0],
						"0.25": [12.5, 0, 27.5],
						"0.5833": [0, 0, -17.5],
						"0.8333": [0, 0, 0]
					},
					"position": {
						"0.0": [0, 3, -4],
						"0.25": [0, 1, -4],
						"0.5833": [0, 6, -4],
						"0.8333": [0, 3, -4]
					}
				}
			}
		},
		"animation.zombieminer.atack": {
			"animation_length": 0.5,
			"bones": {
				"rightArm": {
					"rotation": {
						"0.0": [0, 0, 0],
						"0.1667": [-38.30093, 19.02207, -74.04493],
						"0.2917": [50.13764, 23.97182, -31.18124],
						"0.375": [0, 0, 0]
					}
				},
				"leftArm": {
					"rotation": {
						"0.0": [0, 0, 0],
						"0.1667": [-57.36386, 17.49909, 17.72476],
						"0.25": [-26.41818, 11.15812, -15.49294],
						"0.375": [0, 0, 0]
					},
					"position": {
						"0.0": [0, 0, 0],
						"0.1667": [-3, -3, 0],
						"0.25": [0, 0, 0],
						"0.375": [0, 0, 0]
					}
				},
				"pickaxe": {
					"rotation": {
						"0.0": [0, 0, 0],
						"0.2083": [30, 0, 0],
						"0.2917": [0, 0, 0]
					}
				},
				"rightLeg": {
					"rotation": {
						"0.0": [0, 0, 0],
						"0.1667": [10, 0, 0],
						"0.4167": [52.5, 0, 0],
						"0.5": [0, 0, 0]
					},
					"position": {
						"0.0": [0, 0, 0],
						"0.1667": [0, 0, 1],
						"0.4167": [0, 1, -1],
						"0.5": [0, 0, 0]
					}
				},
				"leftLeg": {
					"rotation": {
						"0.0": [12.5, 0, 0],
						"0.1667": [25, 0, 0],
						"0.3333": [-37.5, 0, 0],
						"0.5": [12.5, 0, 0]
					},
					"position": {
						"0.0": [0, 0, 0],
						"0.1667": [0, 1, -1],
						"0.4167": [0, 0, -1],
						"0.5": [0, 0, 0]
					}
				}
			}
		}
	}
}