{
	"format_version": "1.8.0",
	"animations": {
		"animation.zombiewoodcutter.idle": {
			"loop": true,
			"animation_length": 4.0417,
			"bones": {
				"head": {
					"rotation": {
						"0.0": [0, 0, 0],
						"2.125": [-14.95744, -0.65182, -7.47178],
						"4.0417": [0, 0, 0]
					}
				},
				"rightArm": {
					"rotation": {
						"0.0": [-17.5095, -0.21782, 4.99527],
						"2.125": [-14.98193, 0.86467, 9.87683],
						"4.0417": [-17.5095, -0.21782, 4.99527]
					}
				},
				"leftArm": {
					"rotation": {
						"0.0": [-2.41643, -2.11089, -4.53359],
						"2.125": [-5.27412, 2.34284, -7.65545],
						"4.0417": [-2.41643, -2.11089, -4.53359]
					}
				}
			}
		},
		"animation.zombiewoodcutter.walk": {
			"loop": true,
			"animation_length": 0.9583,
			"bones": {
				"head": {
					"rotation": {
						"0.0": [0, 0, 0],
						"0.25": [0, 0, -5],
						"0.5833": [0, 0, 5],
						"0.9583": [0, 0, 0]
					}
				},
				"rightArm": {
					"rotation": {
						"0.0": [24.26701, -13.34855, 27.11771],
						"0.5417": [26.69458, -6.86379, 13.36965],
						"0.9583": [24.26701, -13.34855, 27.11771]
					}
				},
				"leftArm": {
					"rotation": {
						"0.0": [-25, 0, 0],
						"0.5417": [-48.18559, 7.38762, -8.30823],
						"0.9583": [-25, 0, 0]
					}
				},
				"rightLeg": {
					"rotation": {
						"0.0": [0, 0, 0],
						"0.1667": [10, 0, 0],
						"0.4167": [52.5, 0, 0],
						"0.5417": [23.76, 0, 0],
						"0.6667": [-35, 0, 0],
						"0.9583": [0, 0, 0]
					},
					"position": {
						"0.0": [0, 0, 0],
						"0.1667": [0, 0, 1],
						"0.4167": [0, 1, -1],
						"0.5417": [0, 0, -1],
						"0.7917": [0, 0, -1],
						"0.9583": [0, 0, 0]
					}
				},
				"leftLeg": {
					"rotation": {
						"0.0": [25, 0, 0],
						"0.1667": [-37.5, 0, 0],
						"0.6667": [40, 0, 0],
						"0.9167": [25, 0, 0]
					},
					"position": {
						"0.0": [0, 1, -1],
						"0.25": [0, 0, -1],
						"0.6667": [0, 0, 0],
						"0.9167": [0, 1, -1]
					}
				},
				"body": {
					"rotation": {
						"0.0": [0, 0, 0],
						"0.2917": [0, 5, 0],
						"0.625": [0, -5, 0],
						"0.9583": [0, 0, 0]
					},
					"position": [0, 0, 0]
				}
			}
		},
		"animation.zombiewoodcutter.climb": {
			"loop": true,
			"animation_length": 0.8333,
			"bones": {
				"body": {
					"rotation": {
						"0.0": [0, 0, 0],
						"0.25": [0, 0, -7.5],
						"0.5833": [0, 0, 7.5],
						"0.8333": [0, 0, 0]
					}
				},
				"head": {
					"rotation": {
						"0.0": [-65, 0, 0],
						"0.3333": [-65, 0, 0],
						"0.8333": [-65, 0, 0]
					}
				},
				"rightArm": {
					"rotation": {
						"0.0": [11.71907, 73.43317, -337.11964],
						"0.2917": [31.71907, 73.43317, -337.11964],
						"0.4167": [36.71907, 73.43317, -337.11964],
						"0.625": [-2.16982, 73.43317, -337.11964],
						"0.7917": [11.71907, 73.43317, -337.11964]
					}
				},
				"leftArm": {
					"rotation": [-156.84378, -1.15863, -25.36525],
					"position": {
						"0.0": [0, 0, 0],
						"0.3333": [0, 2, 0],
						"0.625": [0, -3, 0],
						"0.8333": [0, 0, 0]
					}
				},
				"rightLeg": {
					"rotation": {
						"0.0": [0, 0, 0],
						"0.3333": [0, 0, 20],
						"0.6667": [15, 0, -12.5],
						"0.8333": [0, 0, 0]
					},
					"position": {
						"0.0": [0, 3, -4],
						"0.3333": [0, 6, -4],
						"0.6667": [0, 0, -4],
						"0.8333": [0, 3, -4]
					}
				},
				"leftLeg": {
					"rotation": {
						"0.0": [0, 0, 0],
						"0.25": [12.5, 0, 27.5],
						"0.5833": [0, 0, -17.5],
						"0.8333": [0, 0, 0]
					},
					"position": {
						"0.0": [0, 3, -4],
						"0.25": [0, 1, -4],
						"0.5833": [0, 6, -4],
						"0.8333": [0, 3, -4]
					}
				}
			}
		},
		"animation.zombiewoodcutter.atack": {
			"animation_length": 0.375,
			"bones": {
				"rightArm": {
					"rotation": {
						"0.0": [0, 0, 0],
						"0.1667": [-112.70484, -61.28085, 75.24284],
						"0.2917": [33.32661, -5.84681, 61.85089],
						"0.375": [0, 0, 0]
					}
				
				
				},
				"rightItem": {
					"rotation": {
						"0.0": [0, 0, 0],
						"0.1667": [-20, 0, 0],
						"0.2917": [60, 0, 0],
						"0.375": [0, 0, 0]
					}
				}
			}
		}
	}
}