{
	"format_version": "1.8.0",
	"animations": {
		"animation.zombieshovel.idle": {
			"loop": true,
			"animation_length": 4.0417,
			"bones": {
				"head": {
					"rotation": {
						"0.0": [0, 0, 0],
						"2.125": [5.07558, 0.86717, 9.96271],
						"4.0417": [0, 0, 0]
					}
				},
				"rightArm": {
					"rotation": {
						"0.0": [-17.5095, -0.21782, 4.99527],
						"2.125": [-14.98193, 0.86467, 9.87683],
						"4.0417": [-17.5095, -0.21782, 4.99527]
					}
				},
				"leftArm": {
					"rotation": {
						"0.0": [-2.41643, -2.11089, -4.53359],
						"2.125": [-5.27412, 2.34284, -7.65545],
						"4.0417": [-2.41643, -2.11089, -4.53359]
					}
				}
			}
		},
		"animation.zombieshovel.walk": {
			"loop": true,
			"animation_length": 0.9583,
			"bones": {
				"head": {
					"rotation": {
						"0.0": [0, 0, 0],
						"0.25": [0, 0, -5],
						"0.5833": [0, 0, 5],
						"0.9583": [0, 0, 0]
					}
				},
				"rightArm": {
					"rotation": {
						"0.0": [-7.5, 0, 0],
						"0.5417": [12.5, 0, 0],
						"0.9583": [-7.5, 0, 0]
					}
				},
				"leftArm": {
					"rotation": {
						"0.0": [-5, 0, 0],
						"0.5417": [-2.41174, 8.99749, 14.36934],
						"0.9583": [-5, 0, 0]
					},
					"position": {
						"0.0": [0, 0, 0],
						"0.5417": [-1, -3, 0],
						"0.9583": [0, 0, 0]
					}
				},
				"rightLeg": {
					"rotation": {
						"0.0": [-10, 0, 0],
						"0.1667": [10, 0, 0],
						"0.4167": [30, 0, 0],
						"0.6667": [-17.5, 0, 0],
						"0.9583": [-10, 0, 0]
					},
					"position": {
						"0.0": [0, 0, 0],
						"0.1667": [0, 0, 1],
						"0.4167": [0, 1, -1],
						"0.5417": [0, 0, -1],
						"0.7917": [0, 0, -1],
						"0.9583": [0, 0, 0]
					}
				},
				"leftLeg": {
					"rotation": {
						"0.0": [22.5, 0, 0],
						"0.1667": [40, 0, 0],
						"0.3333": [-15, 0, 0],
						"0.5417": [0, 0, 0],
						"0.6667": [17.5, 0, 0],
						"0.7917": [29.64, 0, 0],
						"0.9583": [22.5, 0, 0]
					},
					"position": {
						"0.0": [0, 0, 0],
						"0.1667": [0, 1, -3],
						"0.4167": [0, 0, -1],
						"0.5417": [0, 0, 0],
						"0.6667": [0, 0, 1],
						"0.9583": [0, 0, 0]
					}
				},
				"body": {
					"rotation": {
						"0.0": [0, 0, 0],
						"0.2917": [0, 5, 0],
						"0.625": [0, -5, 0],
						"0.9583": [0, 0, 0]
					},
					"position": [0, 0, 0]
				}
			}
		},
		"animation.zombieshovel.atack": {
			"animation_length": 0.375,
			"bones": {
				"rightArm": {
					"rotation": {
						"0.0": [0, 0, 0],
						"0.1667": [32.5, 0, 0],
						"0.2917": [-40, 0, 0],
						"0.375": [0, 0, 0]
					}
				},
				"leftArm": {
					"rotation": {
						"0.0": [0, 0, 0],
						"0.1667": [0, 0, 17.5],
						"0.2917": [-44.06439, -21.53429, -38.40344],
						"0.375": [0, 0, 0]
					},
					"position": {
						"0.0": [0, 0, 0],
						"0.1667": [-3, -3, 0],
						"0.25": [0, 0, 0],
						"0.375": [0, 0, 0]
					}
				},
				"pickaxe": {
					"rotation": {
						"0.0": [0, 0, 0],
						"0.2083": [30, 0, 0],
						"0.2917": [0, 0, 0]
					}
				}
			}
		},
		"animation.zombieshovel.construct": {
			"animation_length": 1.375,
			"bones": {
				"head": {
					"rotation": {
						"0.0": [0, 0, 0],
						"0.5417": [0, -42.5, 0],
						"1.0417": [0, 7.5, 0],
						"1.3333": [0, 0, 0]
					}
				},
				"rightArm": {
					"rotation": {
						"0.0": [0, 0, 0],
						"0.25": [-70.7834, -5.7309, 23.2771],
						"0.5": [-98.4756, 28.0227, 56.2553],
						"1.0": [-45.6876, 16.0703, 11.1295],
						"1.125": [51.8124, 16.0703, 11.1295],
						"1.375": [0, 0, 0]
					}
				},
				"leftArm": {
					"rotation": {
						"0.0": [0, 0, 0],
						"0.25": [-85, 0, 0],
						"0.5": [-112.5, 0, 0],
						"1.0": [-85, 0, 0],
						"1.125": [-9.6701, 28.2633, 29.048],
						"1.375": [0, 0, 0]
					},
					"position": {
						"0.0": [0, 0, 0],
						"0.25": [0, -7, 3],
						"0.5417": [0, -7, 3],
						"1.0": [0, -5, -1],
						"1.125": [-2, -5, -1],
						"1.375": [0, 0, 0]
					}
				},
				"pickaxe": {
					"rotation": {
						"0.0": [0, 0, 0],
						"0.875": [0, 0, 0],
						"1.125": [55, 0, 0],
						"1.375": [0, 0, 0]
					}
				}
			}
		}
	}
}