{
	"format_version": "1.8.0",
	"animations": {
		"animation.zombie_comun.idle": {
			"loop": true,
			"animation_length": 4.0417,
			"bones": {
				"head": {
					"rotation": {
						"0.0": [25, 0, 0],
						"2.125": [10, 0, 0],
						"4.0417": [25, 0, 0]
					}
				},
				"rightArm": {
					"rotation": {
						"0.0": [2.4905, -0.21782, 4.99527],
						"2.125": [-14.98193, 0.86467, 9.87683],
						"4.0417": [2.4905, -0.21782, 4.99527]
					}
				},
				"leftArm": {
					"rotation": {
						"0.0": [-24.91643, -2.11089, -4.53359],
						"2.125": [-5.27412, 2.34284, -7.65545],
						"4.0417": [-24.91643, -2.11089, -4.53359]
					}
				}
			}
		},
		"animation.zombie_comun.walk": {
			"loop": true,
			"animation_length": 0.9583,
			"bones": {
				"head": {
					"rotation": {
						"0.0": [0, 0, 0],
						"0.25": [0, 0, -5],
						"0.5833": [0, 0, 5],
						"0.9583": [0, 0, 0]
					}
				},
				"rightArm": {
					"rotation": {
						"0.0": [-87.5, 0, 0],
						"0.5417": [-102.42, 0, 0],
						"0.9583": [-87.5, 0, 0]
					}
				},
				"leftArm": {
					"rotation": {
						"0.0": [-90, 0, 0],
						"0.5": [-74.63, 0, 0],
						"0.9583": [-90, 0, 0]
					}
				},
				"rightLeg": {
					"rotation": {
						"0.0": [0, 0, 0],
						"0.1667": [10, 0, 0],
						"0.4167": [30, 0, 0],
						"0.6667": [-17.5, 0, 0],
						"0.9583": [0, 0, 0]
					},
					"position": {
						"0.0": [0, 0, 0],
						"0.1667": [0, 0, 1],
						"0.4167": [0, 1, -1],
						"0.5417": [0, 0, -1],
						"0.7917": [0, 0, -1],
						"0.9583": [0, 0, 0]
					}
				},
				"leftLeg": {
					"rotation": {
						"0.0": [12.5, 0, 0],
						"0.1667": [25, 0, 0],
						"0.3333": [-15, 0, 0],
						"0.5417": [0, 0, 0],
						"0.6667": [17.5, 0, 0],
						"0.9583": [12.5, 0, 0]
					},
					"position": {
						"0.0": [0, 0, 0],
						"0.1667": [0, 1, -1],
						"0.4167": [0, 0, -1],
						"0.5417": [0, 0, 0],
						"0.6667": [0, 0, 1],
						"0.9583": [0, 0, 0]
					}
				},
				"body": {
					"rotation": {
						"0.0": [0, 0, 0],
						"0.2917": [0, 5, 0],
						"0.625": [0, -5, 0],
						"0.9583": [0, 0, 0]
					},
					"position": [0, 0, 0]
				}
			}
		},
		"animation.zombie_comun.climb": {
			"loop": true,
			"animation_length": 0.8333,
			"bones": {
				"body": {
					"rotation": {
						"0.0": [0, 0, 0],
						"0.25": [0, 0, -7.5],
						"0.5833": [0, 0, 7.5],
						"0.8333": [0, 0, 0]
					}
				},
				"head": {
					"rotation": {
						"0.0": [-65, 0, 0],
						"0.3333": [-65, 0, 0],
						"0.8333": [-65, 0, 0]
					}
				},
				"rightArm": {
					"rotation": [-90, 0, 0],
					"position": {
						"0.0": [0, 0, 0],
						"0.25": [0, -5, 0],
						"0.5833": [0, 2, 0],
						"0.8333": [0, 0, 0]
					}
				},
				"leftArm": {
					"rotation": [-90.5, 0, 0],
					"position": {
						"0.0": [0, 0, 0],
						"0.25": [0, 2, 0],
						"0.5833": [0, -5, 0],
						"0.8333": [0, 0, 0]
					}
				},
				"rightLeg": {
					"rotation": {
						"0.0": [0, 0, 0],
						"0.3333": [0, 0, 20],
						"0.6667": [15, 0, -12.5],
						"0.8333": [0, 0, 0]
					},
					"position": {
						"0.0": [0, 3, -4],
						"0.3333": [0, 6, -4],
						"0.6667": [0, 0, -4],
						"0.8333": [0, 3, -4]
					}
				},
				"leftLeg": {
					"rotation": {
						"0.0": [0, 0, 0],
						"0.25": [12.5, 0, 27.5],
						"0.5833": [0, 0, -17.5],
						"0.8333": [0, 0, 0]
					},
					"position": {
						"0.0": [0, 3, -4],
						"0.25": [0, 1, -4],
						"0.5833": [0, 6, -4],
						"0.8333": [0, 3, -4]
					}
				}
			}
		},
		"animation.zombie_comun.atack": {
			"animation_length": 0.5,
			"bones": {
				"head": {
					"rotation": {
						"0.0": [0, 0, 0],
						"0.25": [7.5, 0, 0],
						"0.5": [0, 0, 0]
					}
				},
				"rightArm": {
					"rotation": {
						"0.0": [-87.5, 0, 0],
						"0.125": [-148.71777, -9.29798, 14.89149],
						"0.2083": [-66.11406, -27.79658, 6.82433],
						"0.375": [-33.61406, -27.79658, 6.82433],
						"0.5": [-87.5, 0, 0]
					}
				},
				"leftArm": {
					"rotation": {
						"0.0": [-90, 0, 0],
						"0.125": [-151.92445, 11.0311, -19.7339],
						"0.2083": [-69.42695, 29.92962, -12.70045],
						"0.375": [-34.42695, 29.92962, -12.70045],
						"0.5": [-90, 0, 0]
					}
				}
			}
		}
	}
}