{
	"format_version": "1.8.0",
	"animations": {
		"animation.zombierange.idle": {
			"loop": true,
			"animation_length": 4.0417,
			"bones": {
				"head": {
					"rotation": {
						"0.0": [15, 0, 0],
						"2.125": [10, 0, 0],
						"4.0417": [15, 0, 0]
					}
				},
				"rightArm": {
					"rotation": {
						"0.0": [2.4905, -0.21782, 4.99527],
						"2.125": [-14.98193, 0.86467, 9.87683],
						"4.0417": [2.4905, -0.21782, 4.99527]
					}
				},
				"leftArm": {
					"rotation": {
						"0.0": [-24.91643, -2.11089, -4.53359],
						"2.125": [-5.27412, 2.34284, -7.65545],
						"4.0417": [-24.91643, -2.11089, -4.53359]
					}
				}
			}
		},
		"animation.zombierange.walk": {
			"loop": true,
			"animation_length": 0.7917,
			"bones": {
				"head": {
					"rotation": {
						"0.0": [0, 0, 0],
						"0.25": [0, 0, -5],
						"0.5": [0, 0, 5],
						"0.7917": [0, 0, 0]
					}
				},
				"rightArm": {
					"rotation": {
						"0.0": [-35, 0, 0],
						"0.4167": [-59.92, 0, 0],
						"0.7917": [-35, 0, 0]
					}
				},
				"leftArm": {
					"rotation": {
						"0.0": [14.33501, 4.46375, -16.93839],
						"0.2917": [13.64973, 6.27967, -24.24769],
						"0.5417": [14.94548, 1.29256, -4.83045],
						"0.7917": [14.33501, 4.46375, -16.93839]
					}
				},
				"rightLeg": {
					"rotation": {
						"0.0": [10, 0, 0],
						"0.25": [47.5, 0, 0],
						"0.5": [-17.5, 0, 0],
						"0.7917": [10, 0, 0]
					},
					"position": {
						"0.0": [0, 0, 1],
						"0.25": [0, 1, -1],
						"0.375": [0, 0, -1],
						"0.625": [0, 0, -1],
						"0.7917": [0, 0, 1]
					}
				},
				"leftLeg": {
					"rotation": {
						"0.0": [25, 0, 0],
						"0.1667": [-32.5, 0, 0],
						"0.375": [0, 0, 0],
						"0.5": [17.5, 0, 0],
						"0.7917": [25, 0, 0]
					},
					"position": {
						"0.0": [0, 1, -1],
						"0.25": [0, 0, -1],
						"0.375": [0, 0, 0],
						"0.5": [0, 0, 1],
						"0.7917": [0, 1, -1]
					}
				},
				"body": {
					"rotation": {
						"0.0": [0, 0, 0],
						"0.2917": [0, 5, 0],
						"0.5": [0, -5, 0],
						"0.7917": [0, 0, 0]
					},
					"position": [0, 0, 0]
				}
			}
		},
		"animation.zombierange.attack": {
			"animation_length": 1.4167,
			"bones": {
				"head": {
					"rotation": [0, 0, 0]
				},
				"rightArm": {
					"rotation": {
						"0.0": [2.4905, -0.21782, 4.99527],
						"0.125": [-55.54793, 47.35781, 58.20085],
						"0.2917": [-63.98387, 69.13276, 74.26717],
						"0.4583": [-125.14962, -66.51677, 37.99447],
						"0.75": [-125.14962, -66.51677, 37.99447],
						"0.9583": [-144.96825, 47.79579, -9.92357],
						"1.0417": [-186.35495, 51.41739, -27.88674],
						"1.1667": [-192.45493, 50.59867, -35.73001],
						"1.2917": [2.4905, -0.21782, 4.99527]
					},
					"position": {
						"0.0": [0, 0, 0],
						"0.5": [0, 0, 0],
						"0.6667": [-4, 0, 0],
						"0.75": [-2, 0, 0],
						"0.9583": [0, 0, -1],
						"1.2917": [0, 0, -1],
						"1.4167": [0, 0, 0]
					},
					"scale": {
						"0.0": [1, 1, 1],
						"0.5": [1, 1, 1],
						"0.6667": [1, 1.3, 1],
						"0.7917": [1, 1, 1],
						"1.4167": [1, 1, 1]
					}
				},
				"leftArm": {
					"rotation": {
						"0.0": [-24.91643, -2.11089, -4.53359],
						"0.4583": [-25.84984, 28.54249, 14.19232],
						"0.625": [-25.84984, 28.54249, 14.19232],
						"1.0": [-24.91643, -2.11089, -4.53359],
						"1.1667": [-24.91643, -2.11089, -4.53359]
					}
				},
				"flechaaaaaa": {
					"rotation": {
						"0.0": [0, 0, 0],
						"0.7083": [0, 0, 0],
						"0.8333": [-75, 0, 0],
						"0.9167": [-17.75276, 6.57588, 3.39887],
						"1.125": [-5.88468, 23.01558, 11.89603],
						"1.2083": [-5.88468, 23.01558, 11.89603]
					},
					"position": {
						"0.0": [0, 0, 0],
						"0.3333": [0, 0, 0],
						"0.5417": [0, 0, 0],
						"0.7083": [0, 0, 0],
						"0.8333": [-8, -1, -8],
						"0.9167": [-14, 2.5, -8.5],
						"1.0417": [-14, 6, -4],
						"1.125": [-12, 7, -3],
						"1.2083": [-12, -17, -53]
					},
					"scale": {
						"0.0": [1, 1, 1],
						"1.125": [1, 1, 1],
						"1.1667": [1, 0, 1]
					}
				}
			}
		}
	}
}