{
	"format_version": "1.8.0",
	"animations": {
		"animation.zombielance.attack2": {
			"animation_length": 0.7917,
			"bones": {
				"body": {
					"rotation": {
						"0.0": [0, 0, 0],
						"0.25": [7.5, 0, 0],
						"0.5": [7.52832, 4.95712, 0.65426],
						"0.75": [0, 0, 0]
					}
				},
				"head": {
					"rotation": {
						"0.0": [0, 0, 0],
						"0.5": [0, -5, 0],
						"0.75": [0, 0, 0]
					}
				},
				"hat": {
					"rotation": [0, 0, 0]
				},
				"rightArm": {
					"rotation": {
						"0.0": [-37.47896, 0.35804, 7.59213],
						"0.125": [34.58859, -18.82943, -12.54707],
						"0.1667": [80.89879, -20.31612, -12.5729],
						"0.5": [23.88037, -32.20961, -12.7795],
						"0.7917": [-37.47896, 0.35804, 7.59213]
					}
				},
				"rightItem": {
					"rotation": {
						"0.0": [-7.84293, -52.99157, 12.73819],
						"0.125": [-37.5, 0, 0],
						"0.5833": [-7.5, 0, 0],
						"0.7083": [-7.84293, -52.99157, 12.73819]
					},
					"position": {
						"0.0": [0, 0, 1],
						"0.125": [0, 2, -4],
						"0.5833": [0, 2, -4],
						"0.7083": [0, 0, 1]
					},
					"scale": {
						"0.0": [1, 1, 1],
						"0.7083": [1, 1, 1]
					}
				},
				"leftArm": {
					"rotation": {
						"0.0": [-66.66052, 40.35835, 11.74635],
						"0.1667": [-134.63698, 73.39171, -97.91182],
						"0.5": [-112.13698, 73.39171, -97.91182],
						"0.7917": [-66.66052, 40.35835, 11.74635]
					},
					"position": {
						"0.0": [0, 0, 0],
						"0.1667": [-3, -2, -3],
						"0.5": [-2, -2, -3],
						"0.7917": [0, 0, 0]
					}
				},
				"rightLeg": {
					"rotation": {
						"0.0": [0, 0, 0],
						"0.25": [-10, 0, 0],
						"0.3333": [-7.5, 0, 0],
						"0.5": [92.5, 0, 0],
						"0.625": [23.76, 0, 0],
						"0.7083": [0, 0, 0]
					},
					"position": {
						"0.25": [0, 0, 0],
						"0.3333": [0, 0, 1],
						"0.5": [0, 1, -1],
						"0.625": [0, 0, -1]
					}
				},
				"leftLeg": {
					"rotation": {
						"0.0": [0, 0, 0],
						"0.25": [42.5, 0, 0],
						"0.3333": [25, 0, 0],
						"0.5": [-40.63, 0, 0],
						"0.625": [0, 0, 0],
						"0.7083": [0, 0, 0]
					},
					"position": {
						"0.25": [0, 0, 0],
						"0.3333": [0, 1, -1],
						"0.5": [0, 0, -1],
						"0.625": [0, 0, 0]
					}
				}
			}
		}
	}
}