{
	"format_version": "1.8.0",
	"animations": {
		"animation.zombietnt.idle": {
			"loop": true,
			"animation_length": 4.0417,
			"bones": {
				"head": {
					"rotation": {
						"0.0": [5, 0, 0],
						"2.125": [-4.88206, -1.08089, -12.45392],
						"4.0417": [5, 0, 0]
					}
				},
				"rightArm": {
					"rotation": {
						"0.0": [2.46299, 0.86305, 0.11335],
						"2.125": [-14.98193, 0.86467, 9.87683],
						"4.0417": [2.46299, 0.86305, 0.11335]
					}
				},
				"leftArm": {
					"rotation": {
						"0.0": [0.08357, -2.11089, -4.53359],
						"2.125": [-5.27412, 2.34284, -7.65545],
						"4.0": [0.08357, -2.11089, -4.53359]
					}
				}
			}
		},
		"animation.zombietnt.walk": {
			"loop": true,
			"animation_length": 0.9583,
			"bones": {
				"head": {
					"rotation": {
						"0.0": [0, 0, 0],
						"0.25": [0, 0, -5],
						"0.5833": [0, 0, 5],
						"0.9583": [0, 0, 0]
					}
				},
				"rightArm": {
					"rotation": {
						"0.0": [25, 0, 0],
						"0.5417": [12.5, 0, 0],
						"0.9583": [25, 0, 0]
					}
				},
				"leftArm": {
					"rotation": [-2.5, 0, 0]
				},
				"rightLeg": {
					"rotation": {
						"0.0": [0, 0, 0],
						"0.1667": [10, 0, 0],
						"0.4167": [30, 0, 0],
						"0.6667": [-17.5, 0, 0],
						"0.9583": [0, 0, 0]
					},
					"position": {
						"0.0": [0, 0, 0],
						"0.1667": [0, 0, 1],
						"0.4167": [0, 1, -1],
						"0.5417": [0, 0, -1],
						"0.7917": [0, 0, -1],
						"0.9583": [0, 0, 0]
					}
				},
				"leftLeg": {
					"rotation": {
						"0.0": [12.5, 0, 0],
						"0.1667": [25, 0, 0],
						"0.3333": [-15, 0, 0],
						"0.5417": [0, 0, 0],
						"0.6667": [17.5, 0, 0],
						"0.9583": [12.5, 0, 0]
					},
					"position": {
						"0.0": [0, 0, 0],
						"0.1667": [0, 1, -1],
						"0.4167": [0, 0, -1],
						"0.5417": [0, 0, 0],
						"0.6667": [0, 0, 1],
						"0.9583": [0, 0, 0]
					}
				},
				"body": {
					"rotation": {
						"0.0": [0, 0, 0],
						"0.2917": [0, 5, 0],
						"0.625": [0, -5, 0],
						"0.9583": [0, 0, 0]
					},
					"position": [0, 0, 0]
				}
			}
		},
		"animation.zombietnt.explode": {
			"loop": "hold_on_last_frame",
			"animation_length": 2.5417,
			"bones": {
				"tnt": {
					"position": {
						"0.0": [0, 0, 0],
						"0.5": [2, 0, 0],
						"1.0": [0, 0, 0],
						"1.2917": [2, 0, 0],
						"1.5": [0, 0, 0],
						"1.7917": [2, 0, 0],
						"2.0": [0, 0, 0],
						"2.1667": [2, 0, 0],
						"2.2917": [0, 0, 0],
						"2.375": [2, 0, 0],
						"2.4583": [0, 0, 0],
						"2.5": [4, -2, 0],
						"2.5417": [-6, -2, -2]
					},
					"scale": {
						"0.0": [1, 1, 1],
						"0.5": [1.3, 1, 1],
						"1.0": [1, 1, 1],
						"1.2917": [1.3, 1, 1],
						"1.5": [1, 1, 1],
						"1.7917": [1.3, 1, 1],
						"2.0": [1, 1, 1],
						"2.1667": [1.3, 1, 1],
						"2.2917": [1, 1, 1],
						"2.375": [1.3, 1, 1],
						"2.4583": [1, 1, 1],
						"2.5": [1.6, 1.6, 1.8],
						"2.5417": [0, 1.6, 0]
					}
				}
			}
		}
	}
}