{
	"format_version": "1.8.0",
	"animations": {
		"animation.zombie_lance.climb": {
			"loop": true,
			"animation_length": 0.8333,
			"bones": {
				"body": {
					"rotation": {
						"0.0": [0, 0, 0],
						"0.25": [0, 0, -7.5],
						"0.5833": [0, 0, 7.5],
						"0.8333": [0, 0, 0]
					}
				},
				"head": {
					"rotation": {
						"0.0": [-65, 0, 0],
						"0.3333": [-65, 0, 0],
						"0.8333": [-65, 0, 0]
					}
				},
				"rightArm": {
					"rotation": {
						"0.0": [-24.17533, 121.33549, -112.30995],
						"0.4583": [90.69898, 128.53042, -16.42033],
						"0.7917": [-24.17533, 121.33549, -112.30995]
					}
				},
				"leftArm": {
					"rotation": [-156.84378, -1.15863, -25.36525],
					"position": {
						"0.0": [0, 0, 0],
						"0.3333": [0, 2, 0],
						"0.625": [0, -3, 0],
						"0.8333": [0, 0, 0]
					}
				},
				"rightLeg": {
					"rotation": {
						"0.0": [0, 0, 0],
						"0.3333": [0, 0, 20],
						"0.6667": [15, 0, -12.5],
						"0.8333": [0, 0, 0]
					},
					"position": {
						"0.0": [0, 3, -4],
						"0.3333": [0, 6, -4],
						"0.6667": [0, 0, -4],
						"0.8333": [0, 3, -4]
					}
				},
				"leftLeg": {
					"rotation": {
						"0.0": [0, 0, 0],
						"0.25": [12.5, 0, 27.5],
						"0.5833": [0, 0, -17.5],
						"0.8333": [0, 0, 0]
					},
					"position": {
						"0.0": [0, 3, -4],
						"0.25": [0, 1, -4],
						"0.5833": [0, 6, -4],
						"0.8333": [0, 3, -4]
					}
				}
			}
		},
		"animation.zombie_lance.idle": {
			"loop": true,
			"animation_length": 4.0417,
			"bones": {
				"head": {
					"rotation": {
						"0.0": [0, 0, 0],
						"2.125": [0.31768, 1.90579, 7.19436],
						"4.0417": [0, 0, 0]
					}
				},
				"rightArm": {
					"rotation": {
						"0.0": [-37.47896, 0.35804, 7.59213],
						"2.0": [-24.83352, -2.80419, 0.78895],
						"4.0417": [-37.47896, 0.35804, 7.59213]
					}
				},
				"leftArm": {
					"rotation": {
						"0.0": [-66.66052, 40.35835, 11.74635],
						"2.0": [-57.6984, 37.70382, 12.63017],
						"4.0417": [-66.66052, 40.35835, 11.74635]
					}
				},
				"rightItem": {
					"rotation": {
						"0.0": [-7.84293, -52.99157, 12.73819],
						"1.0": [-7.84293, -52.99157, 12.73819]
					},
					"position": {
						"0.0": [0, 0, 1],
						"1.0": [0, 0, 1]
					}
				},
				"rightLeg": {
					"rotation": [0, 0, 0]
				},
				"leftLeg": {
					"rotation": [0, 0, 0]
				}
			}
		},
		"animation.zombie_lance.walk": {
			"loop": true,
			"animation_length": 0.9583,
			"bones": {
				"head": {
					"rotation": {
						"0.0": [0, 0, 0],
						"0.4583": [0, 0, 5],
						"0.9583": [0, 0, 0]
					}
				},
				"rightArm": {
					"rotation": {
						"0.0": [-37.47896, 0.35804, 7.59213],
						"0.5417": [-37.79144, -18.18695, -0.23298],
						"0.9583": [-37.47896, 0.35804, 7.59213]
					}
				},
				"leftArm": {
					"rotation": {
						"0.0": [-66.66052, 40.35835, 11.74635],
						"0.5417": [-96.87967, 35.36627, 11.38963],
						"0.9583": [-66.66052, 40.35835, 11.74635]
					},
					"position": {
						"0.0": [0, 0, 0],
						"0.5417": [0, -2, 0],
						"0.9583": [0, 0, 0]
					}
				},
				"rightLeg": {
					"rotation": {
						"0.0": [-10, 0, 0],
						"0.1667": [10, 0, 0],
						"0.4167": [52.5, 0, 0],
						"0.5417": [23.76, 0, 0],
						"0.6667": [-35, 0, 0],
						"0.9583": [-10, 0, 0]
					},
					"position": {
						"0.0": [0, 0, 0],
						"0.1667": [0, 0, 1],
						"0.4167": [0, 1, -1],
						"0.5417": [0, 0, -1],
						"0.9583": [0, 0, 0]
					}
				},
				"leftLeg": {
					"rotation": {
						"0.0": [42.5, 0, 0],
						"0.1667": [25, 0, 0],
						"0.3333": [-37.5, 0, 0],
						"0.5417": [0, 0, 0],
						"0.6667": [37.5, 0, 0],
						"0.9167": [42.5, 0, 0]
					},
					"position": {
						"0.0": [0, 0, 0],
						"0.1667": [0, 1, -1],
						"0.4167": [0, 0, -1],
						"0.5417": [0, 0, 0],
						"0.6667": [0, 0, 1],
						"0.9167": [0, 0, 0]
					}
				},
				"body": {
					"rotation": {
						"0.0": [0, 0, 0],
						"0.2917": [0, 5, 0],
						"0.625": [0, -5, 0],
						"0.9583": [0, 0, 0]
					},
					"position": [0, 0, 0]
				},
				"rightItem": {
					"rotation": {
						"0.0": [-7.84293, -52.99157, 12.73819],
						"0.5417": [-7.84293, -52.99157, 12.73819],
						"0.9583": [-7.84293, -52.99157, 12.73819]
					},
					"position": {
						"0.0": [0, 0, 1],
						"0.5417": [0, 0, 1],
						"0.9583": [0, 0, 1]
					}
				}
			}
		},
		"animation.zombie_lance.attack": {
			"animation_length": 0.5,
			"bones": {
				"rightArm": {
					"rotation": {
						"0.0": [-37.47896, 0.35804, 7.59213],
						"0.1667": [34.58859, -18.82943, -12.54707],
						"0.2917": [-60.41141, -18.82943, -12.54707],
						"0.5": [-37.47896, 0.35804, 7.59213]
					}
				},
				"leftArm": {
					"rotation": {
						"0.0": [-66.66052, 40.35835, 11.74635],
						"0.1667": [-134.63698, 73.39171, -97.91182],
						"0.25": [-116.299, 43.28726, -98.63869],
						"0.375": [-28.06924, 16.70381, 53.78476],
						"0.5": [-66.66052, 40.35835, 11.74635]
					},
					"position": {
						"0.0": [0, 0, 0],
						"0.1667": [-3, -2, -3],
						"0.25": [-2, -2, -3],
						"0.5": [0, 0, 0]
					}
				},
				"pickaxe": {
					"rotation": {
						"0.0": [0, 0, 0],
						"0.2083": [30, 0, 0],
						"0.2917": [0, 0, 0]
					}
				},
				"head": {
					"rotation": {
						"0.0": [0, 0, 0],
						"0.5": [0, 0, 0]
					}
				},
				"rightItem": {
					"rotation": {
						"0.0": [-7.84293, -52.99157, 12.73819],
						"0.1667": [10, 0, 0],
						"0.2917": [85, 0, 0],
						"0.5": [-7.84293, -52.99157, 12.73819]
					},
					"position": {
						"0.0": [0, 0, 1],
						"0.1667": [0, 0, 1],
						"0.2917": [0, -5, -1],
						"0.5": [0, 0, 1]
					},
					"scale": {
						"0.0": [1, 1, 1],
						"0.25": [1, 1, 1.4],
						"0.5": [1, 1, 1]
					}
				}
			}
		},
		"animation.zombielance.attack2": {
			"animation_length": 2.5,
			"bones": {
				"body": {
					"rotation": {
						"0.0": [0, 0, 0],
						"0.25": [7.5, 0, 0],
						"0.5": [7.52832, 4.95712, 0.65426],
						"0.75": [7.5397, -5.61798, -0.74224],
						"1.0833": [7.52832, 4.95712, 0.65426],
						"1.3333": [7.5397, -5.61798, -0.74224],
						"1.7917": [7.52832, 4.95712, 0.65426],
						"2.0833": [7.5397, -5.61798, -0.74224],
						"2.375": [7.5, 0, 0],
						"2.5": [0, 0, 0]
					}
				},
				"head": {
					"rotation": {
						"0.0": [0, 0, 0],
						"0.5": [0, -5, 0],
						"0.75": [0, 0.62, 0],
						"1.0417": [0, -4.45, 0],
						"1.3333": [0, 1.44, 0],
						"1.7917": [0, -4.13, 0],
						"2.5": [0, 0, 0]
					}
				},
				"hat": {
					"rotation": [0, 0, 0]
				},
				"rightArm": {
					"rotation": {
						"0.0": [-37.47896, 0.35804, 7.59213],
						"0.2917": [34.58859, -18.82943, -12.54707],
						"0.5": [23.88037, -32.20961, -12.7795],
						"0.7917": [34.58859, -18.82943, -12.54707],
						"1.0833": [23.88037, -32.20961, -12.7795],
						"1.3333": [34.58859, -18.82943, -12.54707],
						"1.75": [23.88037, -32.20961, -12.7795],
						"2.1667": [34.58859, -18.82943, -12.54707],
						"2.5": [-37.47896, 0.35804, 7.59213]
					}
				},
				"rightItem": {
					"rotation": {
						"0.0": [-7.84293, -52.99157, 12.73819],
						"0.2917": [-7.5, 0, 0],
						"2.1667": [-7.5, 0, 0],
						"2.5": [-7.84293, -52.99157, 12.73819]
					},
					"position": {
						"0.0": [0, 0, 1],
						"0.2917": [0, 2, -4],
						"2.1667": [0, 2, -4],
						"2.5": [0, 0, 1]
					},
					"scale": {
						"0.0": [1, 1, 1],
						"2.5": [1, 1, 1]
					}
				},
				"leftArm": {
					"rotation": {
						"0.0": [-66.66052, 40.35835, 11.74635],
						"0.2917": [-134.63698, 73.39171, -97.91182],
						"0.5": [-112.13698, 73.39171, -97.91182],
						"0.7917": [-134.63698, 73.39171, -97.91182],
						"1.0833": [-112.13698, 73.39171, -97.91182],
						"1.3333": [-134.63698, 73.39171, -97.91182],
						"1.75": [-112.13698, 73.39171, -97.91182],
						"2.1667": [-134.63698, 73.39171, -97.91182],
						"2.5": [-66.66052, 40.35835, 11.74635]
					},
					"position": {
						"0.0": [0, 0, 0],
						"0.2917": [-3, -2, -3],