{
	"format_version": "1.8.0",
	"animations": {
		"animation.zombielance.idle": {
			"loop": true,
			"animation_length": 4.0417,
			"bones": {
				"head": {
					"rotation": {
						"0.0": [0, 0, 0],
						"2.125": [0.31768, 1.90579, 7.19436],
						"4.0417": [0, 0, 0]
					}
				},
				"rightArm": {
					"rotation": {
						"0.0": [-37.47896, 0.35804, 7.59213],
						"2.0": [-24.83352, -2.80419, 0.78895],
						"4.0417": [-37.47896, 0.35804, 7.59213]
					}
				},
				"leftArm": {
					"rotation": {
						"0.0": [-66.66052, 40.35835, 11.74635],
						"2.0": [-57.6984, 37.70382, 12.63017],
						"4.0417": [-66.66052, 40.35835, 11.74635]
					}
				},
				"rightItem": {
					"rotation": {
						"0.0": [-7.84293, -52.99157, 12.73819],
						"1.0": [-7.84293, -52.99157, 12.73819]
					},
					"position": {
						"0.0": [0, 0, 1],
						"1.0": [0, 0, 1]
					}
				},
				"rightLeg": {
					"rotation": [0, 0, 0]
				},
				"leftLeg": {
					"rotation": [0, 0, 0]
				}
			}
		},
		"animation.zombielance.walk": {
			"loop": true,
			"animation_length": 0.7917,
			"bones": {
				"head": {
					"rotation": {
						"0.0": [0, 0, 0],
						"0.4583": [0, 0, 5],
						"0.7917": [0, 0, 0]
					}
				},
				"rightArm": {
					"rotation": {
						"0.0": ["-37.47896 + this", "0.35804 + this", "7.59213 - this"],
						"0.5417": [-37.79144, -18.18695, -0.23298],
						"0.7917": [-37.47896, 0.35804, 7.59213]
					}
				},
				"leftArm": {
					"rotation": {
						"0.0": ["-67.4556340558 + this", "38.0559879966 + this", "10.4887936114 - this"],
						"0.5417": [-96.87967, 35.36627, 11.38963],
						"0.7917": [-66.66052, 40.35835, 11.74635]
					},
					"position": {
						"0.0": [0, 0, 0],
						"0.5417": [0, -2, 0],
						"0.7917": [0, 0, 0]
					}
				},
				"rightLeg": {
					"rotation": {
						"0.0": [-10, 0, 0],
						"0.1667": [10, 0, 0],
						"0.4167": [52.5, 0, 0],
						"0.5417": [23.76, 0, 0],
						"0.6667": [-35, 0, 0],
						"0.7917": [-10, 0, 0]
					},
					"position": {
						"0.0": [0, 0, 0],
						"0.1667": [0, 0, 1],
						"0.4167": [0, 1, -1],
						"0.5417": [0, 0, -1],
						"0.7917": [0, 0, 0]
					}
				},
				"leftLeg": {
					"rotation": {
						"0.0": [42.5, 0, 0],
						"0.1667": [25, 0, 0],
						"0.3333": [-37.5, 0, 0],
						"0.5417": [0, 0, 0],
						"0.6667": [37.5, 0, 0],
						"0.7917": [42.5, 0, 0]
					},
					"position": {
						"0.0": [0, 0, 0],
						"0.1667": [0, 1, -1],
						"0.4167": [0, 0, -1],
						"0.5417": [0, 0, 0],
						"0.6667": [0, 0, 1],
						"0.7917": [0, 0, 0]
					}
				},
				"body": {
					"rotation": {
						"0.0": [0, 0, 0],
						"0.2083": [0, 5, 0],
						"0.5417": [0, -5, 0],
						"0.7917": [0, 0, 0]
					},
					"position": [0, 0, 0]
				},
				"rightItem": {
					"rotation": {
						"0.0": [-7.84293, -52.99157, 12.73819],
						"0.4167": [-7.84293, -52.99157, 12.73819],
						"0.7917": [-7.84293, -52.99157, 12.73819]
					},
					"position": {
						"0.0": [0, 0, 1],
						"0.4167": [0, 0, 1],
						"0.7917": [0, 0, 1]
					}
				}
			}
		},
		"animation.zombielance.atack": {
			"animation_length": 0.5,
			"bones": {
				"rightArm": {
					"rotation": {
						"0.0": ["-37.47896 - this", "0.35804 - this", "7.59213 + this"],
						"0.1667": [34.58859, -18.82943, -12.54707],
						"0.2917": [-60.41141, -18.82943, -12.54707],
						"0.5": [-37.47896, 0.35804, 7.59213]
					}
				},
				"leftArm": {
					"rotation": {
						"0.0": [-66.66052, 40.35835, 11.74635],
						"0.1667": [-134.63698, 73.39171, -97.91182],
						"0.25": [-116.299, 43.28726, -98.63869],
						"0.375": [-28.06924, 16.70381, 53.78476],
						"0.5": [-66.66052, 40.35835, 11.74635]
					},
					"position": {
						"0.0": [0, 0, 0],
						"0.1667": [-3, -2, -3],
						"0.25": [-2, -2, -3],
						"0.5": [0, 0, 0]
					}
				},
				"pickaxe": {
					"rotation": {
						"0.0": [0, 0, 0],
						"0.2083": [30, 0, 0],
						"0.2917": [0, 0, 0]
					}
				},
				"head": {
					"rotation": {
						"0.0": [0, 0, 0],
						"0.5": [0, 0, 0]
					}
				},
				"rightItem": {
					"rotation": {
						"0.0": [-7.84293, -52.99157, 12.73819],
						"0.1667": [10, 0, 0],
						"0.2917": [85, 0, 0],
						"0.5": [-7.84293, -52.99157, 12.73819]
					},
					"position": {
						"0.0": [0, 0, 1],
						"0.1667": [0, 0, 1],
						"0.2917": [0, -5, -1],
						"0.5": [0, 0, 1]
					},
					"scale": {
						"0.0": [1, 1, 1],
						"0.25": [1, 1, 1.4],
						"0.5": [1, 1, 1]
					}
				}
			}
		},
		"animation.zombielance.attack2": {
			"animation_length": 0.5417,
			"bones": {
				"body": {
					"rotation": {
						"0.0": [0, 0, 0],
						"0.0417": [7.5, 0, 0]
					}
				},
				"head": {
					"rotation": {
						"0.0": [0, 0, 0],
						"0.0417": [0, -5, 0]
					}
				},
				"hat": {
					"rotation": [0, 0, 0]
				},
				"rightArm": {
					"rotation": {
						"0.0": [-37.47896, 0.35804, 7.59213],
						"0.0417": [80.89879, -20.31612, -12.5729]
					}
				},
				"rightItem": {
					"rotation": {
						"0.0": [-7.84293, -52.99157, 12.73819],
						"0.0417": [-42.5, 0, 0]
					},
					"position": {
						"0.0": [0, 0, 1],
						"0.0417": [0, 7, -2]
					},
					"scale": 1
				},
				"leftArm": {
					"rotation": {
						"0.0": [-66.66052, 40.35835, 11.74635],
						"0.0417": [-134.63698, 73.39171, -97.91182]
					},
					"position": {
						"0.0": [0, 0, 0],
						"0.0417": [-3, -2, -3]
					}
				},
				"rightLeg": {
					"rotation": {
						"0.0": [0, 0, 0],
						"0.0417": [-44.17, 0, 0]
					}
				},
				"leftLeg": {
					"rotation": {
						"0.0": [0, 0, 0],
						"0.0417": [42.5, 0, 0]
					},
					"position": [0, 0, 0]
				}
			}
		}
	}
}