{
	"format_version": "1.8.0",
	"animations": {
		"animation.zombierange.idle": {
			"loop": true,
			"animation_length": 4.0417,
			"bones": {
				"head": {
					"rotation": {
						"0.0": [15, 0, 0],
						"2.125": [10, 0, 0],
						"4.0417": [15, 0, 0]
					}
				},
				"rightArm": {
					"rotation": {
						"0.0": [2.4905, -0.21782, 4.99527],
						"2.125": [-14.98193, 0.86467, 9.87683],
						"4.0417": [2.4905, -0.21782, 4.99527]
					}
				},
				"leftArm": {
					"rotation": {
						"0.0": [-24.91643, -2.11089, -4.53359],
						"2.125": [-5.27412, 2.34284, -7.65545],
						"4.0417": [-24.91643, -2.11089, -4.53359]
					}
				}
			}
		},
		"animation.zombierange.walk": {
			"loop": true,
			"animation_length": 0.7917,
			"bones": {
				"head": {
					"rotation": {
						"0.0": [0, 0, 0],
						"0.25": [0, 0, -5],
						"0.5": [0, 0, 5],
						"0.7917": [0, 0, 0]
					}
				},
				"rightArm": {
					"rotation": {
						"0.0": [-35, 0, 0],
						"0.4167": [-59.92, 0, 0],
						"0.7917": [-35, 0, 0]
					}
				},
				"leftArm": {
					"rotation": {
						"0.0": [14.33501, 4.46375, -16.93839],
						"0.2917": [13.64973, 6.27967, -24.24769],
						"0.5417": [14.94548, 1.29256, -4.83045],
						"0.7917": [14.33501, 4.46375, -16.93839]
					}
				},
				"rightLeg": {
					"rotation": {
						"0.0": [10, 0, 0],
						"0.25": [47.5, 0, 0],
						"0.5": [-17.5, 0, 0],
						"0.7917": [10, 0, 0]
					},
					"position": {
						"0.0": [0, 0, 1],
						"0.25": [0, 1, -1],
						"0.375": [0, 0, -1],
						"0.625": [0, 0, -1],
						"0.7917": [0, 0, 1]
					}
				},
				"leftLeg": {
					"rotation": {
						"0.0": [25, 0, 0],
						"0.1667": [-32.5, 0, 0],
						"0.375": [0, 0, 0],
						"0.5": [17.5, 0, 0],
						"0.7917": [25, 0, 0]
					},
					"position": {
						"0.0": [0, 1, -1],
						"0.25": [0, 0, -1],
						"0.375": [0, 0, 0],
						"0.5": [0, 0, 1],
						"0.7917": [0, 1, -1]
					}
				},
				"body": {
					"rotation": {
						"0.0": [0, 0, 0],
						"0.2917": [0, 5, 0],
						"0.5": [0, -5, 0],
						"0.7917": [0, 0, 0]
					},
					"position": [0, 0, 0]
				}
			}
		},
		"animation.zombierange.attack": {
			"animation_length": 1.9583,
			"bones": {
				"head": {
					"rotation": [0, 0, 0]
				},
				"rightArm": {
					"rotation": {
						"0.0": [2.4905, -0.21782, 4.99527],
						"0.2083": [-55.54793, 47.35781, 58.20085],
						"0.4167": [-63.98387, 69.13276, 74.26717],
						"0.7083": [-125.14962, -66.51677, 37.99447],
						"1.0": [-125.14962, -66.51677, 37.99447],
						"1.2083": [-144.96825, 47.79579, -9.92357],
						"1.2917": [-152.55881, 51.69769, -19.85321],
						"1.4167": [-186.35495, 51.41739, -27.88674],
						"1.5": [-192.45493, 50.59867, -35.73001],
						"1.625": [-203.46092, 47.49408, -50.26402],
						"1.75": [-130.51737, -17.441, 84.58889],
						"1.8333": [2.4905, -0.21782, 4.99527]
					},
					"position": {
						"0.0": [0, 0, 0],
						"0.75": [0, 0, 0],
						"0.9167": [-4, 0, 0],
						"1.0": [-2, 0, 0],
						"1.2083": [0, 0, -1],
						"1.625": [0, 0, -1],
						"1.75": [0, 0, -5],
						"1.8333": [0, 0, -1],
						"1.9583": [0, 0, 0]
					},
					"scale": {
						"0.0": [1, 1, 1],
						"0.75": [1, 1, 1],
						"0.9167": [1, 1.3, 1],
						"1.0417": [1, 1, 1],
						"1.9583": [1, 1, 1]
					}
				},
				"leftArm": {
					"rotation": {
						"0.0": [-24.91643, -2.11089, -4.53359],
						"0.2917": [17.58357, -2.11089, -4.53359],
						"0.5833": [-24.91643, -2.11089, -4.53359],
						"1.0417": [-25.84984, 28.54249, 14.19232],
						"1.125": [-24.91643, -2.11089, -4.53359],
						"1.25": [-22.47096, -11.2531, -25.25765],
						"1.3333": [-20.9057, -14.02846, -32.39936],
						"1.5": [-16.6854, -18.88952, -47.20512],
						"1.7083": [-24.91643, -2.11089, -4.53359]
					}
				},
				"flechaaaaaa": {
					"rotation": {
						"0.0": [0, 0, 0],
						"1.0": [0, 0, 0],
						"1.0833": [-75, 0, 0],
						"1.5833": [-10.77398, 58.01152, 16.36098],
						"1.75": [-8.27398, 58.01152, 16.36098]
					},
					"position": {
						"0.0": [0, 0, 0],
						"0.5": [0, 0, 0],
						"0.7083": [0, 0, 0],
						"1.0": [0, 0, 0],
						"1.0833": [-8, -1, -8],
						"1.2083": [-14, 6.5, -4.5],
						"1.3333": [-10, 12, -5],
						"1.5": [-5.33, 14.67, -1.67],
						"1.5833": [-9, 13, 0],
						"1.6667": [-10.9, 8.9, -6],
						"1.75": [-14.8, 2.8, -29]
					},
					"scale": {
						"0.0": [1, 1, 1],
						"1.7083": [1, 1, 1],
						"1.75": [1, 0, 1]
					}
				}
			}
		}
	}
}